{"mean":{"confidence_interval":{"confidence_level":0.95,"lower_bound":-0.17567644093404602,"upper_bound":-0.1088855043805047},"point_estimate":-0.14209299029722133,"standard_error":0.01700699635283574},"median":{"confidence_interval":{"confidence_level":0.95,"lower_bound":-0.14486784436378553,"upper_bound":-0.09792235142028338},"point_estimate":-0.1173263067831607,"standard_error":0.01175394668818046}}