{"mean":{"confidence_interval":{"confidence_level":0.95,"lower_bound":4964387.5825000005,"upper_bound":5218503.56},"point_estimate":5084218.6,"standard_error":65054.325932201},"median":{"confidence_interval":{"confidence_level":0.95,"lower_bound":4828490.0,"upper_bound":5046430.0},"point_estimate":4925350.0,"standard_error":58739.743892584214},"median_abs_dev":{"confidence_interval":{"confidence_level":0.95,"lower_bound":278706.5560519695,"upper_bound":499680.6691288948},"point_estimate":366002.04250216484,"standard_error":61412.06787160703},"slope":null,"std_dev":{"confidence_interval":{"confidence_level":0.95,"lower_bound":444968.78802610276,"upper_bound":832609.162123819},"point_estimate":652419.2315846116,"standard_error":98894.98187258802}}