{"mean":{"confidence_interval":{"confidence_level":0.95,"lower_bound":0.013310557885397303,"upper_bound":0.07324436720572407},"point_estimate":0.041654063760627746,"standard_error":0.015364193453876206},"median":{"confidence_interval":{"confidence_level":0.95,"lower_bound":0.005881730587568468,"upper_bound":0.05386774286930793},"point_estimate":0.025199088314128648,"standard_error":0.012786778608824385}}